ID,Title,Price
1937066011,Pegasus strong e 10 Tiefeinstieg Damen,2.150 € VB
1937753056,Pegasus kinder fahrrad,80 €
1937751602,"Pegasus Fahrrad Trekkingrad Herrenrad 54cm RH 28"" Shimano Kettler",230 € VB
1937750699,Pegasus Avanti Sport Mountainbike Kinderrad,110 € VB
1937744702,"Pegasus 28"" Damenfahrrad Neuwertig",220 € VB
1937740200,Pegasus Avanti Kinderfahrrad 26zoll 7gang Ledlicht,125 €
1937734330,Damen Fahrrad Pegasus Alu 28 Zoll,90 € VB
1937732719,Kinderfahrrad Pegasus Avanti 26 Zoll,75 € VB
1937714369,Herrenfahrrad Pegasus Avanti Classico 28 Zoll,299 €
1937710788,Kinderfahrrad Pegasus,25 €
1937710614,Fahrrad-Pegasus,300 € VB
1937700925,Herrenfahrrad Pegasus STRONG SL 28 Zoll Rahmenhöhe 66 Top Zustand,320 €
1937680979,Pegasus Fahrrad,220 € VB
1937679905,Verkauft Reifen von fahrrad PEGASUS 28Zoll 2 Stück,65 € VB
1937678356,Damenfahrrad Pegasus Solero,500 € VB
1937671061,PEGASUS RAD 28 Zoll mit 21 Gänge Schaltung mit NabenDinamo 55cm R,150 € VB
1937667600,Pegasus Rad 28 Zoll mit 7 Gänge Schaltung 52cm Rahmen Gruß Top,150 € VB
1937655431,Pegasus Piazza 28 Zoll Top Zustand,220 €
1937651293,Pegasus Rad 28 Zoll mit 7 Gänge Schaltung 52cm Rahmen Top Zustand,150 € VB
1937633872,Fahrrad Hercules Pegasus‼️ Damenrad Fahrräder ‼️,50 €
1937625304,"Mädchen Rad Pegasus 24"" !!!Angebot nur für Samstag!!!",65 €
1937617513,Pegasus Fahrrad,55 €
1937610077,Pegasus Arcona 26 Zoll Grün Jungen Rad Kinderfahrrad Nabendynamo,160 € VB
1937601254,Fahrrad Pegasus Piazza Damenrad 7 Gang,60 €
1937598648,Fahrrad pegasus,120 €
1937590368,PEGASUS DAMEN CITY BIKE 28 ZOLL,190 € VB
1937590030,"Pegasus Arcona 24 Zoll, Fahrrad, Licht neu, gepflegt",170 €
1937587252,Pegasus Damen /Mädchen Fahrrad 26 Zoll,250 €
1937584688,Pegasus Avanti 28 Zoll - 21 Gang - Nabendynamo - Suntour !,199 €
1937568261,Pegasus 26 Zoll 7-Gang Nabenschaltung,25 €
1937568126,Halbrener Pegasus sofort einsatzbereit.,100 €
1924681926,Verkauf eines Pegasus Solero,379 €
1937557857,Pegasus Avanti 24 Zoll 7-Gang Nabenschaltung,135 €
1926507116,"Herren Trekkingrad Pegasus Milano 28""",80 € VB
1937537138,Fahrrad Pegasus milano GT 28 Zoll,99 €
1937533107,Fahrrad Pegasus,170 € VB
1937518804,Kinderfahrrad Pegasus Avanti 20 Zoll.,200 €
1937312447,Pegasus Piazza Herrenrad,200 €
1937499423,"Fahrrad, Kinderfahrrad, pegasus, für Bastler",20 €
1937497518,PEGASUS AVANTI Alu 28Zoll Herren,66 € VB
1937487613,Pegasus Avanti 26 Zoll Mountainbike Jungen Fahrrad,190 € VB
1937462605,"Neuwertiges Herrenfahrrad Pegasus Solero Alu Light 28""",333 € VB
1895255926,Fahrrad Pegasus 26 Zoll in einem sehr guten gebrauchten Zustand,100 €
1937388944,Fahrrad 28 Zoll PEGASUS SOLERO SL,285 €
1937377138,Kindermarkenrad Pegasus AVANTI 20Zoll 3Gang nabenschaltung Nabend,165 €
1937372016,Pegasus Damen Premio SL Sport,480 € VB
1937369495,Pegasus 2 Damen E-Bikes ( zusammen 2000 Euro),2.000 €
1937363884,Pegasus Premio Evo 10 Ebike Fahrrad Bosch,VB
1937359086,24 Zoll Pegasus Jugendfahrrad,110 € VB
1937356022,Alu 28 Zoll Pegasus Piazza mit Nabendynamo,295 €
1937356034,28 Zoll Pegasus Avanti Fahrrad (Top Zustand),170 € VB
1937355437,"Herrenrad ""Avanti"" von Marke Pegasus",190 €
1937353220,Fahrrad Pegasus Avanti 26 Zoll,190 €
1937351878,Neuwertiges 20 Zoll Falter Fahrrad Kinderfahrrad vgl mit Pegasus,215 €
1937341116,Pegasus Solero E8-R LT Disc Wave 50cm Rücktritt City E-Bike Bosch,1.299 € VB
1937339730,28 Zoll Pegasus Solero Herrenfahrrad…,240 € VB
1880870757,Pegasus Avanti 24 Zoll Kinderfahrrad Nexus TOP Mädchen Frankfurt,139 € VB
1937332806,Pegasus Mädchenfahrrad Kinder Fahrrad Kinderfahrrad 24 Zoll,139 €
1855939919,E-Bike Bosch Pegasus Premio Evo 10 Lite 50cm 2899€* DAMEN 200604,2.899 €
1856812607,PEGASUS SAVINO DAMEN E-Bike BOSCH CX 10 Gang 2999€* RH45 200645,2.999 €
1937313719,Pegasus Fahrrad zu verkaufen,35 € VB
1831042422,"PEGASUS DAMENRAD 28""",500 € VB
1937286582,Pegasus 28 Zoll 7-Gangschaltung,150 € VB
1793299701,E-Bike Bosch Damen RIEMEN Pegasus Premio Evo 5F 3.899€* 200845,3.899 €
1856840567,BOSCH EBIKE Pegasus Solero E8R 28 Zoll DAMEN 50cm 1999€* 200507,1.999 €
1937272816,PEGASUS Fahrrad 24 Zoll,70 €
1937256852,Fahrrad Pegasus Alu Avanti,195 € VB
1937254015,PEGASUS Damen Fahrrad 28Zoll 7Gang,130 €
1937249955,TOP Pegasus AVANTI 26 Zoll Alu Damen Mädchen Fahrrad Nabendynamo,180 €
1937241360,Fahrrad Pegasus 26 Zoll,35 €
1937238405,Mädchenfahrrad von Pegasus 26 Zoll,145 € VB
1937226920,Pegasus Solero Trekking Rad Reserviert bis Samstag!!,55 € VB
1937218166,E-Bike Pegasus Premio Evo 5F von 2019,1.499 €
1937207992,Fahrrad Pegasus Top Zustand wie neue Alu 28 Zoll,235 € VB
1881432034,"Pegasus Herren 28"" E-bike Pedelec Elektrobike",1.250 €
1937203296,Pegasus E8F,770 € VB
